drug,withdrawn,withdrawn_cards,withdrawn_liver,withdrawn_neuro,ATC_cards,ATC_liver,ATC_neuro
chembl479,1,1,0,0,0,0,1
chembl12713,1,1,0,0,0,0,1
chembl583,1,1,0,0,0,0,0
chembl17157,1,1,0,0,0,0,0
chembl121,1,1,0,0,0,0,0
chembl122,1,1,0,0,0,0,0
chembl24072,1,1,0,0,1,0,0
chembl850,1,1,0,0,0,0,0
chembl296419,1,1,0,0,0,0,0
chembl865,1,1,0,0,0,0,0
chembl45816,1,1,0,0,1,0,0
chembl61006,1,1,0,0,0,0,0
chembl421701,1,1,0,0,0,0,0
chembl315838,1,1,0,0,1,0,0
chembl1275,1,1,0,0,0,0,0
chembl363295,1,1,0,0,0,0,0
chembl1419,1,1,0,0,0,0,0
chembl400599,1,1,0,0,0,0,0
chembl1514,1,1,0,0,0,0,1
chembl248702,1,1,0,0,0,0,0
chembl515914,1,1,0,0,0,0,0
chembl539770,1,1,0,0,0,0,0
chembl1729,1,1,0,0,0,0,0
chembl1185568,1,1,0,0,0,0,0
chembl1200393,1,1,0,0,0,0,0
chembl1200595,1,1,0,0,0,0,0
chembl1200695,1,1,0,0,0,0,0
chembl1200817,1,1,0,0,0,0,0
chembl1201269,1,1,0,0,0,0,0
chembl1213351,1,1,0,0,0,0,1
chembl1237104,1,1,0,0,0,0,0
chembl1474889,1,1,0,0,0,0,0
chembl1516474,1,1,0,0,0,0,0
chembl1534525,1,1,0,0,0,0,0
chembl1697686,1,1,0,0,0,0,0
chembl1887891,1,1,0,0,0,0,0
chembl2106155,1,1,0,0,0,0,0
chembl2106217,1,1,0,0,0,0,0
chembl3989716,1,1,0,0,0,0,0
chembl3989830,1,1,0,0,0,0,0
chembl408,1,0,1,0,0,0,0
chembl436,1,0,1,0,0,0,0
chembl267744,1,0,1,0,0,0,0
chembl13376,1,0,1,0,0,0,0
chembl277100,1,0,1,0,0,0,0
chembl273575,1,0,1,0,0,0,1
chembl282724,1,0,1,0,0,0,0
chembl27193,1,0,1,0,0,0,0
chembl36506,1,0,1,0,0,0,0
chembl37744,1,0,1,0,0,0,1
chembl54349,1,0,1,0,0,0,0
chembl75880,1,0,1,1,1,0,0
chembl329522,1,0,1,0,0,0,0
chembl1177,1,0,1,0,0,0,1
chembl340978,1,0,1,0,0,0,0
chembl341812,1,0,1,0,0,0,0
chembl141305,1,0,1,0,0,0,0
chembl139877,1,0,1,0,0,0,0
chembl159226,1,0,1,0,0,0,0
chembl1341,1,0,1,0,0,0,1
chembl188952,1,0,1,0,0,0,0
chembl232201,1,0,1,0,1,0,0
chembl245807,1,0,1,0,0,0,0
chembl254857,1,0,1,0,0,0,1
chembl404849,1,0,1,0,0,0,0
chembl404108,1,0,1,0,0,0,0
chembl1089221,1,0,1,0,0,0,0
chembl1200498,1,0,1,0,0,0,0
chembl1200714,1,0,1,0,0,0,0
chembl1201197,1,0,1,0,0,0,0
chembl1204165,1,0,1,0,0,0,0
chembl1256841,1,0,1,0,0,0,1
chembl1256842,1,0,1,0,0,0,0
chembl1334033,1,0,1,1,0,0,0
chembl1402684,1,0,1,0,0,0,0
chembl1474963,1,0,1,0,0,0,0
chembl1615350,1,0,1,0,0,0,0
chembl1697751,1,0,1,0,0,0,0
chembl1909282,1,0,1,0,0,0,0
chembl1909283,1,0,1,0,0,0,0
chembl1909285,1,0,1,0,0,0,0
chembl1909286,1,0,1,0,0,0,0
chembl1909288,1,0,1,0,0,0,0
chembl1909289,1,0,1,0,0,0,0
chembl1740513,1,0,1,0,0,0,0
chembl1742471,1,0,1,0,0,0,0
chembl2104136,1,0,1,0,0,0,0
chembl2105740,1,0,1,0,0,0,0
chembl2107495,1,0,1,0,0,0,0
chembl2355333,1,0,1,0,0,0,0
chembl3183453,1,0,1,0,0,0,0
chembl268164,1,0,0,1,0,0,1
chembl447,1,0,0,1,0,0,1
chembl448,1,0,0,1,0,0,1
chembl497,1,0,0,1,0,0,0
chembl13280,1,0,0,1,0,0,1
chembl101,1,0,0,1,0,0,0
chembl111,1,0,0,1,0,0,0
chembl282052,1,0,0,1,0,0,1
chembl646,1,0,0,1,0,0,1
chembl278819,1,0,0,1,0,0,1
chembl418995,1,0,0,1,0,0,1
chembl127516,1,0,0,1,0,0,0
chembl346235,1,0,0,1,0,0,0
chembl201960,1,0,0,1,0,0,0
chembl1184360,1,0,0,1,0,0,0
chembl1364551,1,0,0,1,0,0,0
chembl1418176,1,0,0,1,0,0,0
chembl1697760,1,0,0,1,0,0,0
chembl1950576,1,0,0,1,0,0,0
chembl1998966,1,0,0,1,0,0,0
chembl2104607,1,0,0,1,0,0,0
chembl2104793,1,0,0,1,0,0,0
chembl2105581,1,0,0,1,0,0,1
chembl2105941,1,0,0,1,0,0,0
chembl2106556,1,0,0,1,0,0,0
chembl2106829,1,0,0,1,0,0,0
chembl3142541,1,0,0,1,0,0,0
chembl3188576,1,0,0,1,0,0,0
clonazepam,0,0,0,0,0,0,1
vecuronium bromide,0,0,0,0,0,0,0
oseltamivir phosphate,0,0,0,0,0,0,0
iloperidone,0,0,0,0,0,0,1
sulindac,0,0,0,0,0,0,0
tobramycin,0,0,0,0,0,0,0
doxycycline hyclate,0,0,0,0,0,0,0
phentermine hydrochloride,0,0,0,0,0,0,0
metronidazole,0,0,0,0,0,0,0
dicyclomine hydrochloride,0,0,0,0,0,0,0
albuterol sulfate,0,0,0,0,0,0,0
amitriptyline hydrochloride,0,0,0,0,0,0,0
hydroxyzine hydrochloride,0,0,0,0,0,0,1
diazepam,0,0,0,0,0,0,1
levothyroxine sodium,0,0,0,0,0,0,0
oxcarbazepine,0,0,0,0,0,0,1
gabapentin,0,0,0,0,0,0,1
prednisone,0,0,0,0,0,0,0
metformin hydrochloride,0,0,0,0,0,0,0
levalbuterol hydrochloride,0,0,0,0,0,0,0
trazodone hydrochloride,0,0,0,0,0,0,0
fluorouracil,0,0,0,0,0,0,0
quetiapine fumarate,0,0,0,0,0,0,1
atorvastatin calcium,0,0,0,0,0,0,0
aripiprazole,0,0,0,0,0,0,1
acyclovir,0,0,0,0,0,0,0
benzonatate,0,0,0,0,0,0,0
simvastatin,0,0,0,0,0,0,0
tramadol hydrochloride,0,0,0,0,0,0,1
bupropion hydrochloride,0,0,0,0,0,0,0
eszopiclone,0,0,0,0,0,0,1
paroxetine,0,0,0,0,0,0,1
alendronate sodium,0,0,0,0,0,0,0
fluconazole,0,0,0,0,0,0,0
phenobarbital,0,0,0,0,0,0,1
lansoprazole,0,0,0,0,0,0,0
propafenone,0,0,0,0,1,0,0
mirtazapine,0,0,0,0,0,0,1
fluocinolone acetonide,0,0,0,0,0,0,0
cyclobenzaprine hydrochloride,0,0,0,0,0,0,0
oxybutynin chloride,0,0,0,0,0,0,0
carisoprodol,0,0,0,0,0,0,0
warfarin sodium,0,0,0,0,0,0,0
calcitriol,0,0,0,0,0,0,0
hydrochlorothiazide,0,0,0,0,0,0,0
montelukast sodium,0,0,0,0,0,0,0
cefadroxil,0,0,0,0,0,0,0
rifampin,0,0,0,0,0,0,0
pravastatin sodium,0,0,0,0,0,0,0
lovastatin,0,0,0,0,0,0,0
dantrolene sodium,0,0,0,0,0,0,0
penicillin v potassium,0,0,0,0,0,0,0
tiagabine hydrochloride,0,0,0,0,0,0,0
clobetasol propionate,0,0,0,0,0,0,0
benazepril hydrochloride,0,0,0,0,0,0,0
nitrofurantoin (monohydrate/macrocrystals),0,0,0,0,0,0,0
sumatriptan succinate,0,0,0,0,0,0,0
tizanidine,0,0,0,0,0,0,0
lidocaine hydrochloride,0,0,0,0,0,0,0
cefepime hydrochloride,0,0,0,0,0,0,0
ketorolac tromethamine,0,0,0,0,0,0,0
ziprasidone hydrochloride,0,0,0,0,0,0,1
clindamycin hydrochloride,0,0,0,0,0,0,0
duloxetine,0,0,0,0,0,0,1
levetiracetam,0,0,0,0,0,0,1
sertraline hydrochloride,0,0,0,0,0,0,1
diclofenac sodium,0,0,0,0,0,0,0
dexamethasone,0,0,0,0,0,0,0
timolol maleate,0,0,0,0,0,0,0
furosemide,0,0,0,0,0,0,0
methyl aminolevulinate hydrochloride,0,0,0,0,0,0,0
methylprednisolone acetate,0,0,0,0,0,0,0
atomoxetine hydrochloride,0,0,0,0,0,0,0
diltiazem hydrochloride,0,0,0,0,0,0,0
pramipexole dihydrochloride,0,0,0,0,0,0,1
primaquine phosphate,0,0,0,0,0,0,0
escitalopram oxalate,0,0,0,0,0,0,0
chlorthalidone,0,0,0,0,0,0,0
norethindrone,0,0,0,0,0,0,0
ondansetron hydrochloride,0,0,0,0,0,0,0
zidovudine,0,0,0,0,0,0,0
ketoconazole,0,0,0,0,0,0,0
venlafaxine hydrochloride,0,0,0,0,0,0,1
methadone hydrochloride,0,0,0,0,0,0,0
lisinopril,0,0,0,0,0,0,0
ezetimibe,0,0,0,0,0,0,0
lubiprostone,0,0,0,0,0,0,0
fenofibrate,0,0,0,0,0,0,0
febuxostat,0,0,0,0,0,0,0
tacrolimus,0,0,0,0,0,0,0
hyoscyamine sulfate,0,0,0,0,0,0,0
donepezil hydrochloride,0,0,0,0,0,0,0
midodrine hydrochloride,0,0,0,0,0,0,0
triamcinolone acetonide,0,0,0,0,0,0,0
mupirocin,0,0,0,0,0,0,0
propranolol hydrochloride,0,0,0,0,0,0,0
nabumetone,0,0,0,0,0,0,0
clonidine hydrochloride,0,0,0,0,0,0,0
anastrozole,0,0,0,0,0,0,0
modafinil,0,0,0,0,0,0,1
citalopram,0,0,0,0,0,0,1
sotalol hydrochloride,0,0,0,0,0,0,0
nadolol,0,0,0,0,1,0,0
econazole nitrate,0,0,0,0,0,0,0
nicotine,0,0,0,0,0,0,1
etodolac,0,0,0,0,0,0,0
valproic acid,0,0,0,0,0,0,1
celecoxib,0,0,0,0,0,0,0
diphenhydramine hydrochloride,0,0,0,0,0,0,0
chlordiazepoxide,0,0,0,0,0,0,1
methimazole,0,0,0,0,0,0,0
adenosine,0,0,0,0,1,0,0
topiramate,0,0,0,0,0,0,1
cephalexin,0,0,0,0,0,0,0
spironolactone,0,0,0,0,0,0,0
diphenoxylate hydrochloride,0,0,0,0,0,0,0
allopurinol,0,0,0,0,0,0,0
tretinoin,0,0,0,0,0,0,0
paroxetine hydrochloride,0,0,0,0,0,0,0
memantine hydrochloride,0,0,0,0,0,0,0
trandolapril,0,0,0,0,0,0,0
promethazine hydrochloride,0,0,0,0,0,0,0
losartan potassium,0,0,0,0,0,0,0
oxycodone hydrochloride,0,0,0,0,0,0,0
ciprofloxacin hydrochloride,0,0,0,0,0,0,0
metaxalone,0,0,0,0,0,0,0
risedronate sodium,0,0,0,0,0,0,0
epinastine hydrochloride,0,0,0,0,0,0,0
indomethacin,0,0,0,0,1,0,0
loperamide hydrochloride,0,0,0,0,0,0,0
probenecid,0,0,0,0,0,0,0
procaine hydrochloride,0,0,0,0,0,0,0
tapentadol hydrochloride,0,0,0,0,0,0,0
dobutamine hydrochloride,0,0,0,0,0,0,0
fosaprepitant,0,0,0,0,0,0,0
hydroxyprogesterone caproate,0,0,0,0,0,0,0
ketoprofen,0,0,0,0,0,0,0
propafenone hydrochloride,0,0,0,0,0,0,0
tamsulosin hydrochloride,0,0,0,0,0,0,0
carvedilol,0,0,0,0,1,0,0
silver sulfadiazine,0,0,0,0,0,0,0
trimethobenzamide,0,0,0,0,0,0,0
terazosin hydrochloride,0,0,0,0,0,0,0
omeprazole,0,0,0,0,0,0,0
naproxen sodium,0,0,0,0,0,0,0
nifedipine,0,0,0,0,1,0,0
guanfacine,0,0,0,0,0,0,0
estradiol,0,0,0,0,0,0,0
terbinafine hydrochloride,0,0,0,0,0,0,0
ciclopirox olamine,0,0,0,0,0,0,0
testosterone cypionate,0,0,0,0,0,0,0
meloxicam,0,0,0,0,0,0,0
perphenazine,0,0,0,0,0,0,1
flumazenil,0,0,0,0,0,0,0
perindopril erbumine,0,0,0,0,0,0,0
hydroxyzine pamoate,0,0,0,0,0,0,0
temazepam,0,0,0,0,0,0,1
clopidogrel bisulfate,0,0,0,0,0,0,0
valacyclovir hydrochloride,0,0,0,0,0,0,0
valacyclovir,0,0,0,0,0,0,0
oxiconazole nitrate,0,0,0,0,0,0,0
zonisamide,0,0,0,0,0,0,1
methocarbamol,0,0,0,0,0,0,0
olanzapine,0,0,0,0,0,0,1
dicloxacillin sodium,0,0,0,0,0,0,0
cycloserine,0,0,0,0,0,0,0
rosuvastatin calcium,0,0,0,0,0,0,0
bromfenac,0,0,0,0,0,0,0
acetazolamide,0,0,0,0,0,0,0
citalopram hydrobromide,0,0,0,0,0,0,0
amantadine,0,0,0,0,0,0,1
methyldopa,0,0,0,0,0,0,0
mefloquine hydrochloride,0,0,0,0,0,0,0
metoclopramide hydrochloride,0,0,0,0,0,0,0
diflorasone diacetate,0,0,0,0,0,0,0
disopyramide phosphate,0,0,0,0,0,0,0
sevelamer carbonate,0,0,0,0,0,0,0
nortriptyline hydrochloride,0,0,0,0,0,0,0
enalapril maleate,0,0,0,0,0,0,0
trazodone,0,0,0,0,0,0,1
lorazepam,0,0,0,0,0,0,1
levocetirizine dihydrochloride,0,0,0,0,0,0,0
carvedilol phosphate,0,0,0,0,0,0,0
hydrocortisone,0,0,0,0,0,0,0
labetalol hydrochloride,0,0,0,0,0,0,0
hydralazine hydrochloride,0,0,0,0,0,0,0
bumetanide,0,0,0,0,0,0,0
gemfibrozil,0,0,0,0,0,0,0
fludarabine phosphate,0,0,0,0,0,0,0
eptifibatide,0,0,0,0,0,0,0
folic acid,0,0,0,0,0,0,0
flecainide acetate,0,0,0,0,0,0,0
pregabalin,0,0,0,0,0,0,1
colchicine,0,0,0,0,0,0,0
benzocaine,0,0,0,0,0,0,1
ropinirole hydrochloride,0,0,0,0,0,0,0
clopidogrel,0,0,0,0,0,0,0
topotecan hydrochloride,0,0,0,0,0,0,0
diethylpropion hydrochloride,0,0,0,0,0,0,0
rifaximin,0,0,0,0,0,0,0
amlodipine besylate,0,0,0,0,0,0,0
famotidine,0,0,0,0,0,0,0
fentanyl,0,0,0,0,0,0,0
diclofenac potassium,0,0,0,0,0,0,0
ofloxacin,0,0,0,0,0,0,0
sodium phenylbutyrate,0,0,0,0,0,0,0
medroxyprogesterone acetate,0,0,0,0,0,0,0
tinidazole,0,0,0,0,0,0,0
clarithromycin,0,0,0,0,0,0,0
carbamazepine,0,0,0,0,0,0,1
fluticasone propionate,0,0,0,0,0,0,0
terconazole,0,0,0,0,0,0,0
minocycline hydrochloride,0,0,0,0,0,0,0
piroxicam,0,0,0,0,0,0,0
decitabine,0,0,0,0,0,0,0
cinacalcet hydrochloride,0,0,0,0,0,0,0
azacitidine,0,0,0,0,0,0,0
fluoxetine hydrochloride,0,0,0,0,0,0,0
meclizine hydrochloride,0,0,0,0,0,0,0
mexiletine hydrochloride,0,0,0,0,0,0,0
tenofovir disoproxil fumarate,0,0,0,0,0,0,0
fluorometholone,0,0,0,0,0,0,0
trihexyphenidyl hydrochloride,0,0,0,0,0,0,0
paricalcitol,0,0,0,0,0,0,0
emtricitabine,0,0,0,0,0,0,0
molindone hydrochloride,0,0,0,0,0,0,0
glimepiride,0,0,0,0,0,0,0
levocabastine hydrochloride,0,0,0,0,0,0,0
felbamate,0,0,0,0,0,0,1
ciclopirox,0,0,0,0,0,0,0
nitroglycerin,0,0,0,0,1,0,0
ceftriaxone sodium,0,0,0,0,0,0,0
ropinirole,0,0,0,0,0,0,1
hydromorphone hydrochloride,0,0,0,0,0,0,0
flavoxate hydrochloride,0,0,0,0,0,0,0
loxapine,0,0,0,0,0,0,0
zolmitriptan,0,0,0,0,0,0,1
naftifine hydrochloride,0,0,0,0,0,0,0
bromocriptine mesylate,0,0,0,0,0,0,0
lamotrigine,0,0,0,0,0,0,1
chlorpromazine hydrochloride,0,0,0,0,0,0,0
primidone,0,0,0,0,0,0,1
buspirone hydrochloride,0,0,0,0,0,0,0
desipramine hydrochloride,0,0,0,0,0,0,0
cyproheptadine hydrochloride,0,0,0,0,0,0,0
tolazamide,0,0,0,0,0,0,0
epirubicin hydrochloride,0,0,0,0,0,0,0
zolpidem tartrate,0,0,0,0,0,0,1
milnacipran hydrochloride,0,0,0,0,0,0,1
sildenafil,0,0,0,0,0,0,0
phenytoin sodium,0,0,0,0,0,0,1
bexarotene,0,0,0,0,0,0,0
testosterone,0,0,0,0,0,0,0
cyproheptadine,0,0,0,0,0,0,0
acetazolamide sodium,0,0,0,0,0,0,0
thyrotropin releasing hormone,0,0,0,0,0,0,0
prednisolone,0,0,0,0,0,0,0
fluoxetine,0,0,0,0,0,0,1
betamethasone valerate,0,0,0,0,0,0,0
flurazepam hydrochloride,0,0,0,0,0,0,1
amiodarone hydrochloride,0,0,0,0,0,0,0
salsalate,0,0,0,0,0,0,1
prasugrel,0,0,0,0,0,0,0
oxaprozin,0,0,0,0,0,0,0
mometasone furoate,0,0,0,0,0,0,0
flucytosine,0,0,0,0,0,0,0
ammonium lactate,0,0,0,0,0,0,0
lithium carbonate,0,0,0,0,0,0,1
omega-3-acid ethyl esters,0,0,0,0,0,0,0
orphenadrine citrate,0,0,0,0,0,0,0
methenamine hippurate,0,0,0,0,0,0,0
misoprostol,0,0,0,0,0,0,0
erythromycin ethylsuccinate,0,0,0,0,0,0,0
methylphenidate hydrochloride,0,0,0,0,0,0,0
clotrimazole,0,0,0,0,0,0,0
trovafloxacin mesylate,0,0,0,0,0,0,0
succinylcholine chloride,0,0,0,0,0,0,0
rivastigmine tartrate,0,0,0,0,0,0,0
sumatriptan,0,0,0,0,0,0,1
prazosin hydrochloride,0,0,0,0,0,0,0
memantine,0,0,0,0,0,0,1
diclofenac epolamine,0,0,0,0,0,0,0
imiquimod,0,0,0,0,0,0,0
chlordiazepoxide hydrochloride,0,0,0,0,0,0,0
penicillamine,0,0,0,0,0,0,0
metolazone,0,0,0,0,0,0,0
hydroxychloroquine sulfate,0,0,0,0,0,0,0
metoclopramide,0,0,0,0,0,0,0
losartan potassium tablet,0,0,0,0,0,0,0
ribavirin,0,0,0,0,0,0,0
doxazosin,0,0,0,0,0,0,0
chloramphenicol,0,0,0,0,0,0,0
chlorzoxazone,0,0,0,0,0,0,0
midazolam hydrochloride,0,0,0,0,0,0,0
chlorhexidine gluconate,0,0,0,0,0,0,0
vancomycin hydrochloride,0,0,0,0,0,0,0
diclofenac sodium- capsaicin,0,0,0,0,0,0,1
methylprednisolone sodium succinate,0,0,0,0,0,0,0
nimodipine,0,0,0,0,1,0,0
rizatriptan benzoate,0,0,0,0,0,0,0
cefuroxime axetil,0,0,0,0,0,0,0
dronabinol,0,0,0,0,0,0,0
buprenorphine,0,0,0,0,0,0,1
alfuzosin hydrochloride,0,0,0,0,0,0,0
desoximetasone,0,0,0,0,0,0,0
megestrol acetate,0,0,0,0,0,0,0
paclitaxel,0,0,0,0,0,0,0
nicardipine hydrochloride,0,0,0,0,0,0,0
budesonide,0,0,0,0,0,0,0
oxytetracycline hydrochloride,0,0,0,0,0,0,0
cilostazol,0,0,0,0,0,0,0
dapsone,0,0,0,0,0,0,0
ramipril,0,0,0,0,0,0,0
digoxin,0,0,0,0,1,0,0
lurasidone hydrochloride,0,0,0,0,0,0,1
mecamylamine hydrochloride,0,0,0,0,0,0,0
trimethobenzamide hydrochloride,0,0,0,0,0,0,0
betamethasone dipropionate,0,0,0,0,0,0,0
erythromycin,0,0,0,0,0,0,0
esmolol hydrochloride,0,0,0,0,0,0,0
thiothixene,0,0,0,0,0,0,1
phentermine resin,0,0,0,0,0,0,0
pilocarpine hydrochloride,0,0,0,0,0,0,0
ampicillin,0,0,0,0,0,0,0
deferoxamine mesylate,0,0,0,0,0,0,0
imatinib mesylate,0,0,0,0,0,0,0
granisetron hydrochloride,0,0,0,0,0,0,0
prochlorperazine maleate,0,0,0,0,0,0,0
terbutaline sulfate,0,0,0,0,0,0,0
cefaclor,0,0,0,0,0,0,0
prednisolone acetate,0,0,0,0,0,0,0
mafenide acetate,0,0,0,0,0,0,0
estradiol cypionate,0,0,0,0,0,0,0
dexmethylphenidate hydrochloride,0,0,0,0,0,0,0
escitalopram,0,0,0,0,0,0,1
prednisolone sodium phosphate,0,0,0,0,0,0,0
desvenlafaxine,0,0,0,0,0,0,1
torsemide,0,0,0,0,0,0,0
pentamidine isethionate,0,0,0,0,0,0,0
loteprednol etabonate,0,0,0,0,0,0,0
solifenacin succinate,0,0,0,0,0,0,0
lactulose,0,0,0,0,0,0,0
moxifloxacin hydrochloride,0,0,0,0,0,0,0
isoniazid,0,0,0,0,0,0,0
tamoxifen citrate,0,0,0,0,0,0,0
dofetilide,0,0,0,0,1,0,0
rabeprazole,0,0,0,0,0,0,0
verapamil hydrochloride,0,0,0,0,0,0,0
aliskiren hemifumarate,0,0,0,0,0,0,0
oxybutynin,0,0,0,0,0,0,0
tizanidine hydrochloride,0,0,0,0,0,0,0
toremifene citrate,0,0,0,0,0,0,0
trientine hydrochloride,0,0,0,0,0,0,0
bacitracin,0,0,0,0,0,0,0
fenoprofen calcium,0,0,0,0,0,0,0
nandrolone decanoate,0,0,0,0,0,0,0
methoxsalen,0,0,0,0,0,0,0
indinavir sulfate,0,0,0,0,0,0,0
raloxifene hydrochloride,0,0,0,0,0,0,0
salicylic acid,0,0,0,0,0,0,0
cefotetan disodium,0,0,0,0,0,0,0
nafcillin,0,0,0,0,0,0,0
hydrogen peroxide,0,0,0,0,0,0,0
pimecrolimus,0,0,0,0,0,0,0
silodosin,0,0,0,0,0,0,0
tadalafil,0,0,0,0,0,0,0
betaxolol,0,0,0,0,1,0,0
hydrocodone bitartrate,0,0,0,0,0,0,0
irinotecan hydrochloride,0,0,0,0,0,0,0
floxuridine,0,0,0,0,0,0,0
amantadine hydrochloride,0,0,0,0,0,0,0
azathioprine sodium,0,0,0,0,0,0,0
valsartan,0,0,0,0,0,0,0
letrozole,0,0,0,0,0,0,0
bicalutamide,0,0,0,0,0,0,0
cresol,0,0,0,0,0,0,0
benztropine mesylate,0,0,0,0,0,0,0
cefdinir,0,0,0,0,0,0,0
phenelzine sulfate,0,0,0,0,0,0,0
duloxetine hydrochloride,0,0,0,0,0,0,0
butenafine hydrochloride,0,0,0,0,0,0,0
etoposide,0,0,0,0,0,0,0
imipramine hydrochloride,0,0,0,0,0,0,0
mercaptopurine,0,0,0,0,0,0,0
fesoterodine fumarate,0,0,0,0,0,0,0
nateglinide,0,0,0,0,0,0,0
fosamprenavir calcium,0,0,0,0,0,0,0
cefoxitin sodium,0,0,0,0,0,0,0
gemcitabine,0,0,0,0,0,0,0
oxymorphone hydrochloride,0,0,0,0,0,0,0
mycophenolate mofetil,0,0,0,0,0,0,0
irbesartan,0,0,0,0,0,0,0
meprobamate,0,0,0,0,0,0,1
candesartan cilexetil,0,0,0,0,0,0,0
telmisartan,0,0,0,0,0,0,0
aminolevulinic acid hydrochloride,0,0,0,0,0,0,0
penciclovir,0,0,0,0,0,0,0
pantoprazole,0,0,0,0,0,0,0
temozolomide,0,0,0,0,0,0,0
ethacrynic acid,0,0,0,0,0,0,0
rosiglitazone maleate,0,0,0,0,0,0,0
naltrexone hydrochloride,0,0,0,0,0,0,0
capecitabine,0,0,0,0,0,0,0
milrinone lactate,0,0,0,0,0,0,0
protriptyline hydrochloride,0,0,0,0,0,0,0
sulfasalazine,0,0,0,0,0,0,0
cevimeline hydrochloride,0,0,0,0,0,0,1
propranolol,0,0,0,0,1,0,0
caffeine citrate,0,0,0,0,0,0,0
nelfinavir mesylate,0,0,0,0,0,0,0
alitretinoin,0,0,0,0,0,0,0
loratadine,0,0,0,0,0,0,0
acetylsalicylic acid,0,0,0,0,0,0,1
ranolazine,0,0,0,0,1,0,0
pioglitazone,0,0,0,0,0,0,0
olmesartan medoxomil,0,0,0,0,0,0,0
clofarabine,0,0,0,0,0,0,0
fosaprepitant dimeglumine,0,0,0,0,0,0,0
stavudine,0,0,0,0,0,0,0
ropivacaine hydrochloride,0,0,0,0,0,0,1
ifosfamide,0,0,0,0,0,0,0
rabeprazole sodium,0,0,0,0,0,0,0
proparacaine hydrochloride,0,0,0,0,0,0,0
esmolol hydrochloride in sodium chloride,0,0,0,0,1,0,0
phenylephrine hydrochloride,0,0,0,0,0,0,0
sulfacetamide sodium- sulfur,0,0,0,0,0,0,0
desmopressin acetate,0,0,0,0,0,0,0
vasopressin,0,0,0,0,0,0,0
sirolimus,0,0,0,0,0,0,0
dutasteride,0,0,0,0,0,0,0
doxazosin mesylate,0,0,0,0,0,0,0
cefazolin,0,0,0,0,0,0,0
prilocaine hydrochloride,0,0,0,0,0,0,0
silver nitrate,0,0,0,0,0,0,0
chloroprocaine hydrochloride,0,0,0,0,0,0,0
latanoprost,0,0,0,0,0,0,0
adefovir dipivoxil,0,0,0,0,0,0,0
moexipril hydrochloride,0,0,0,0,0,0,0
acamprosate calcium,0,0,0,0,0,0,1
atazanavir sulfate,0,0,0,0,0,0,0
clomipramine hydrochloride,0,0,0,0,0,0,0
clorazepate dipotassium,0,0,0,0,0,0,0
daptomycin,0,0,0,0,0,0,0
azelaic acid,0,0,0,0,0,0,0
lisdexamfetamine dimesylate,0,0,0,0,0,0,0
dicyclomine,0,0,0,0,0,0,0
rivaroxaban,0,0,0,0,0,0,0
hydrocortisone butyrate,0,0,0,0,0,0,0
azelastine hydrochloride,0,0,0,0,0,0,0
efavirenz,0,0,0,0,0,0,0
tetrabenazine,0,0,0,0,0,0,1
tranexamic acid,0,0,0,0,0,0,0
warfarin,0,0,0,0,0,0,0
quinapril hydrochloride,0,0,0,0,0,0,0
treprostinil,0,0,0,0,0,0,0
prochlorperazine edisylate,0,0,0,0,0,0,0
leuprolide acetate,0,0,0,0,0,0,0
cyclopentolate hydrochloride,0,0,0,0,0,0,0
tolterodine tartrate,0,0,0,0,0,0,0
dasatinib,0,0,0,0,0,0,0
nisoldipine,0,0,0,0,1,0,0
nitrous oxide,0,0,0,0,0,0,1
ketamine hydrochloride,0,0,0,0,0,0,0
droperidol,0,0,0,0,0,0,1
flunisolide,0,0,0,0,0,0,0
nitisinone,0,0,0,0,0,0,0
busulfan,0,0,0,0,0,0,0
rivastigmine,0,0,0,0,0,0,1
pamidronate disodium,0,0,0,0,0,0,0
methazolamide,0,0,0,0,0,0,0
carbinoxamine maleate,0,0,0,0,0,0,0
cefpodoxime proxetil,0,0,0,0,0,0,0
estropipate,0,0,0,0,0,0,0
deferasirox,0,0,0,0,0,0,0
abiraterone acetate,0,0,0,0,0,0,0
succimer,0,0,0,0,0,0,0
entecavir,0,0,0,0,0,0,0
entacapone,0,0,0,0,0,0,1
labetalol,0,0,0,0,1,0,0
salmeterol xinafoate,0,0,0,0,0,0,0
saquinavir mesylate,0,0,0,0,0,0,0
ursodiol,0,0,0,0,0,1,0
doxercalciferol,0,0,0,0,0,0,0
pioglitazone hydrochloride,0,0,0,0,0,0,0
zoledronic acid,0,0,0,0,0,0,0
azathioprine,0,0,0,0,0,0,0
atovaquone,0,0,0,0,0,0,0
atropine sulfate,0,0,0,0,0,0,0
galantamine hydrobromide,0,0,0,0,0,0,0
medrysone,0,0,0,0,0,0,0
norepinephrine bitartrate,0,0,0,0,1,0,0
methscopolamine bromide,0,0,0,0,0,0,0
vardenafil,0,0,0,0,0,0,0
gatifloxacin,0,0,0,0,0,0,0
fluticasone furoate,0,0,0,0,0,0,0
famciclovir,0,0,0,0,0,0,0
epirubicin hydrochloride ,0,0,0,0,0,0,0
raltegravir,0,0,0,0,0,0,0
secobarbital sodium,0,0,0,0,0,0,0
bosutinib monohydrate,0,0,0,0,0,0,0
leflunomide,0,0,0,0,0,0,0
adapalene,0,0,0,0,0,0,0
edrophonium chloride,0,0,0,0,0,0,0
acebutolol hydrochloride,0,0,0,0,0,0,0
diflunisal,0,0,0,0,0,0,1
isotretinoin,0,0,0,0,0,0,0
alfentanil hydrochloride,0,0,0,0,0,0,1
octreotide acetate,0,0,0,0,0,0,0
zileuton,0,0,0,0,0,0,0
cyclobenzaprine,0,0,0,0,0,0,0
methylergonovine maleate,0,0,0,0,0,0,0
ephedrine sulfate,0,0,0,0,0,0,0
clindamycin palmitate hydrochloride,0,0,0,0,0,0,0
etravirine,0,0,0,0,0,0,0
oxandrolone,0,0,0,0,0,0,0
mitoxantrone hydrochloride,0,0,0,0,0,0,0
tramadol hcl,0,0,0,0,0,0,0
cefazolin sodium,0,0,0,0,0,0,0
tropicamide,0,0,0,0,0,0,0
anthralin,0,0,0,0,0,0,0
beclomethasone dipropionate,0,0,0,0,0,0,0
bisoprolol fumarate,0,0,0,0,0,0,0
pyridostigmine bromide oral,0,0,0,0,0,0,1
fondaparinux sodium,0,0,0,0,0,0,0
cyclophosphamide,0,0,0,0,0,0,0
cefepime,0,0,0,0,0,0,0
carteolol hydrochloride,0,0,0,0,0,0,0
tolcapone,0,0,0,0,0,0,1
ampicillin sodium,0,0,0,0,0,0,0
lorcaserin hydrochloride,0,0,0,0,0,0,0
rocuronium bromide,0,0,0,0,0,0,0
meperidine hydrochloride,0,0,0,0,0,0,0
amphotericin b,0,0,0,0,0,0,0
ambrisentan,0,0,0,0,0,0,0
balsalazide disodium,0,0,0,0,0,0,0
ganciclovir,0,0,0,0,0,0,0
fluocinonide,0,0,0,0,0,0,0
fludrocortisone acetate,0,0,0,0,0,0,0
prochlorperazine,0,0,0,0,0,0,1
oxytocin,0,0,0,0,0,0,0
oxacillin sodium,0,0,0,0,0,0,0
dipyridamole,0,0,0,0,0,0,0
quinidine gluconate,0,0,0,0,0,0,0
thiotepa,0,0,0,0,0,0,0
calcipotriene,0,0,0,0,0,0,0
sufentanil,0,0,0,0,0,0,1
phenoxybenzamine hydrochloride,0,0,0,0,0,0,0
dronedarone,0,0,0,0,1,0,0
granisetron,0,0,0,0,0,0,0
olopatadine hydrochloride,0,0,0,0,0,0,0
desonide,0,0,0,0,0,0,0
valganciclovir,0,0,0,0,0,0,0
fluvoxamine maleate,0,0,0,0,0,0,0
dopamine hydrochloride in dextrose,0,0,0,0,1,0,0
trimethoprim hydrochloride,0,0,0,0,0,0,0
pindolol,0,0,0,0,1,0,0
estradiol valerate,0,0,0,0,0,0,0
desvenlafaxine succinate,0,0,0,0,0,0,0
fluphenazine decanoate,0,0,0,0,0,0,1
chloroquine phosphate,0,0,0,0,0,0,0
vardenafil hydrochloride,0,0,0,0,0,0,0
erythromycin stearate,0,0,0,0,0,0,0
frovatriptan succinate,0,0,0,0,0,0,1
tolmetin sodium,0,0,0,0,0,0,0
clobazam,0,0,0,0,0,0,1
bosentan,0,0,0,0,0,0,0
ceftizoxime sodium,0,0,0,0,0,0,0
cefuroxime,0,0,0,0,0,0,0
montelukast,0,0,0,0,0,0,0
erythromycin lactobionate,0,0,0,0,0,0,0
mepivacaine hydrochloride,0,0,0,0,0,0,0
moxifloxacin,0,0,0,0,0,0,0
glucagon,0,0,0,0,0,0,0
eplerenone,0,0,0,0,0,0,0
fluphenazine hydrochloride,0,0,0,0,0,0,0
didanosine,0,0,0,0,0,0,0
tetracycline hydrochloride,0,0,0,0,0,0,0
aprepitant,0,0,0,0,0,0,0
cetirizine hydrochloride,0,0,0,0,0,0,0
phentolamine mesylate,0,0,0,0,0,0,0
disulfiram,0,0,0,0,0,0,1
praziquantel,0,0,0,0,0,0,0
indapamide,0,0,0,0,0,0,0
gemifloxacin mesylate,0,0,0,0,0,0,0
ibutilide fumarate,0,0,0,0,1,0,0
nepafenac,0,0,0,0,0,0,0
cefixime,0,0,0,0,0,0,0
vecuronium bromide ,0,0,0,0,0,0,0
nalmefene hydrochloride,0,0,0,0,0,0,0
desloratadine,0,0,0,0,0,0,0
ganciclovir sodium,0,0,0,0,0,0,0
exemestane,0,0,0,0,0,0,0
cladribine,0,0,0,0,0,0,0
cromolyn sodium,0,0,0,0,0,0,0
selegiline hydrochloride,0,0,0,0,0,0,0
ethambutol hydrochloride,0,0,0,0,0,0,0
tetracaine hydrochloride,0,0,0,0,0,0,0
estazolam,0,0,0,0,0,0,1
chlorothiazide sodium,0,0,0,0,0,0,0
demeclocycline hydrochloride,0,0,0,0,0,0,0
thioridazine hydrochloride,0,0,0,0,0,0,0
vinblastine sulfate,0,0,0,0,0,0,0
naphazoline hydrochloride,0,0,0,0,0,0,0
tiopronin,0,0,0,0,0,0,0
dorzolamide hydrochloride,0,0,0,0,0,0,0
dactinomycin,0,0,0,0,0,0,0
hydroxyurea,0,0,0,0,0,0,0
scopolamine,0,0,0,0,0,0,1
quinapril hydrochloride/hydrochlorothiazide,0,0,0,0,0,0,0
nefazodone hydrochloride,0,0,0,0,0,0,1
isradipine,0,0,0,0,1,0,0
ceftizoxime,0,0,0,0,0,0,0
cefotaxime,0,0,0,0,0,0,0
oxycodone,0,0,0,0,0,0,1
chenodiol,0,0,0,0,0,1,0
pirfenidone,0,0,0,0,0,0,0
dalfampridine,0,0,0,0,0,0,1
norethindrone acetate,0,0,0,0,0,0,0
clevidipine,0,0,0,0,1,0,0
levobunolol hydrochloride,0,0,0,0,0,0,0
prasugrel hydrochloride,0,0,0,0,0,0,0
mitomycin,0,0,0,0,0,0,0
ethacrynate sodium,0,0,0,0,0,0,0
eflornithine hydrochloride,0,0,0,0,0,0,0
almotriptan,0,0,0,0,0,0,1
trimipramine maleate,0,0,0,0,0,0,0
dimenhydrinate,0,0,0,0,0,0,0
amitriptyline hydrochloride ,0,0,0,0,0,0,1
naloxone hydrochloride,0,0,0,0,0,0,0
tazarotene,0,0,0,0,0,0,0
dobutamine,0,0,0,0,1,0,0
pitavastatin calcium,0,0,0,0,0,0,0
fenofibric acid,0,0,0,0,0,0,0
flutamide,0,0,0,0,0,0,0
midazolam,0,0,0,0,0,0,1
articaine hydrochloride- epinephrine bitartrate,0,0,0,0,0,0,1
dacarbazine,0,0,0,0,0,0,0
rifabutin,0,0,0,0,0,0,0
argatroban,0,0,0,0,0,0,0
nebivolol hydrochloride,0,0,0,0,0,0,0
eletriptan hydrobromide,0,0,0,0,0,0,1
anagrelide hydrochloride,0,0,0,0,0,0,0
trimetrexate glucuronate,0,0,0,0,0,0,0
trifluoperazine,0,0,0,0,0,0,1
sufentanil citrate,0,0,0,0,0,0,0
propylthiouracil,0,0,0,0,0,0,0
procainamide hydrochloride,0,0,0,0,0,0,0
aminophylline,0,0,0,0,0,0,0
alosetron hydrochloride,0,0,0,0,0,0,0
pimozide,0,0,0,0,0,0,1
etomidate,0,0,0,0,0,0,1
buprenorphine hydrochloride- naloxone hydrochloride,0,0,0,0,0,0,0
fluorometholone acetate,0,0,0,0,0,0,0
gemcitabine hydrochloride,0,0,0,0,0,0,0
penicillin g potassium,0,0,0,0,0,0,0
brimonidine tartrate,0,0,0,0,0,0,0
polythiazide,0,0,0,0,0,0,0
ramelteon,0,0,0,0,0,0,1
lidocaine- prilocaine,0,0,0,0,0,0,1
estramustine phosphate sodium,0,0,0,0,0,0,0
lidocaine- menthol,0,0,0,0,0,0,0
ticlopidine hydrochloride,0,0,0,0,0,0,0
temsirolimus,0,0,0,0,0,0,0
rasagiline mesylate,0,0,0,0,0,0,0
carmustine,0,0,0,0,0,0,0
buspirone,0,0,0,0,0,0,1
podofilox,0,0,0,0,0,0,0
clonidine,0,0,0,0,0,0,1
palonosetron hydrochloride,0,0,0,0,0,0,0
albuterol,0,0,0,0,0,0,0
trifluoperazine hydrochloride,0,0,0,0,0,0,0
bleomycin,0,0,0,0,0,0,0
donepezil,0,0,0,0,0,0,1
atazanavir,0,0,0,0,0,0,0
pentobarbital sodium,0,0,0,0,0,0,0
gefitinib,0,0,0,0,0,0,0
ceftibuten dihydrate,0,0,0,0,0,0,0
maraviroc,0,0,0,0,0,0,0
alfuzosin hydrochloride ,0,0,0,0,0,0,0
aminosalicylic acid,0,0,0,0,0,0,0
neostigmine methylsulfate,0,0,0,0,0,0,0
zanamivir,0,0,0,0,0,0,0
pergolide,0,0,0,0,0,0,1
ertaczo,0,0,0,0,0,0,0
ceftazidime,0,0,0,0,0,0,0
dihydroergotamine mesylate,0,0,0,0,0,0,0
topotecan,0,0,0,0,0,0,0
alcaftadine,0,0,0,0,0,0,0
codeine sulfate,0,0,0,0,0,0,1
sitagliptin,0,0,0,0,0,0,0
oxymetazoline hydrochloride,0,0,0,0,0,0,0
cabergoline,0,0,0,0,0,0,1
carbachol,0,0,0,0,0,0,0
repaglinide,0,0,0,0,0,0,0
lacosamide,0,0,0,0,0,0,1
pyridostigmine bromide,0,0,0,0,0,0,0
hydrocortisone- pramoxine hcl- chloroxylenol,0,0,0,0,0,0,0
betaine,0,0,0,0,0,0,0
linagliptin,0,0,0,0,0,0,0
cinacalcet,0,0,0,0,0,0,0
naltrexone,0,0,0,0,0,0,1
telavancin hydrochloride,0,0,0,0,0,0,0
haloperidol decanoate,0,0,0,0,0,0,1
phenazopyridine hydrochloride,0,0,0,0,0,0,0
riluzole,0,0,0,0,0,0,1
amiloride hydrochloride,0,0,0,0,0,0,0
hydrocortisone acetate,0,0,0,0,0,0,0
clozapine,0,0,0,0,0,0,1
oseltamivir,0,0,0,0,0,0,0
macimorelin acetate,0,0,0,0,0,0,0
darunavir ethanolate,0,0,0,0,0,0,0
idarubicin hydrochloride,0,0,0,0,0,0,0
daunorubicin hydrochloride,0,0,0,0,0,0,0
valganciclovir hydrochloride,0,0,0,0,0,0,0
pentetate calcium trisodium,0,0,0,0,0,0,0
cefditoren pivoxil,0,0,0,0,0,0,0
levalbuterol tartrate,0,0,0,0,0,0,0
fexofenadine hydrochloride,0,0,0,0,0,0,0
bimatoprost,0,0,0,0,0,0,0
alogliptin,0,0,0,0,0,0,0
cocaine hydrochloride,0,0,0,0,0,0,0
rasagiline,0,0,0,0,0,0,1
conivaptan hydrochloride,0,0,0,0,0,0,0
atracurium besylate,0,0,0,0,0,0,0
exenatide,0,0,0,0,0,0,0
bromfenac sodium,0,0,0,0,0,0,0
darunavir,0,0,0,0,0,0,0
cefoxitin,0,0,0,0,0,0,0
retapamulin,0,0,0,0,0,0,0
neostigmine,0,0,0,0,0,0,0
fluoxymesterone,0,0,0,0,0,0,0
carbidopa,0,0,0,0,0,0,0
polymyxin b sulfate- trimethoprim sulfate,0,0,0,0,0,0,0
cortisone acetate,0,0,0,0,0,0,0
methsuximide,0,0,0,0,0,0,1
clemastine fumarate,0,0,0,0,0,0,0
betaxolol hydrochloride,0,0,0,0,0,0,0
mesna,0,0,0,0,0,0,0
pentamidine isethionate ,0,0,0,0,0,0,0
diethylpropion hydrochloride er,0,0,0,0,0,0,0
lomefloxacin hydrochloride,0,0,0,0,0,0,0
triamcinolone acetonide cream .1%- dimethicone 5% cream,0,0,0,0,0,0,0
albendazole,0,0,0,0,0,0,0
acyclovir sodium,0,0,0,0,0,0,0
telithromycin,0,0,0,0,0,0,0
piperacillin sodium,0,0,0,0,0,0,0
danazol,0,0,0,0,0,0,0
chloramphenicol sodium succinate,0,0,0,0,0,0,0
darifenacin,0,0,0,0,0,0,0
besifloxacin,0,0,0,0,0,0,0
pancuronium bromide,0,0,0,0,0,0,0
foscarnet sodium,0,0,0,0,0,0,0
tigecycline,0,0,0,0,0,0,0
estradiol acetate,0,0,0,0,0,0,0
fosphenytoin sodium,0,0,0,0,0,0,0
apraclonidine,0,0,0,0,0,0,0
isoproterenol hydrochloride,0,0,0,0,1,0,0
pentetate zinc trisodium,0,0,0,0,0,0,0
saxagliptin,0,0,0,0,0,0,0
bepotastine besilate,0,0,0,0,0,0,0
palbociclib,0,0,0,0,0,0,0
pitavastatin magnesium,0,0,0,0,0,0,0
roflumilast,0,0,0,0,0,0,0
homatropine hydrobromide,0,0,0,0,0,0,0
orphenadrine citrate- aspirin- caffeine,0,0,0,0,0,0,0
sertaconazole nitrate,0,0,0,0,0,0,0
phenobarbital sodium,0,0,0,0,0,0,0
rufinamide,0,0,0,0,0,0,1
ertapenem sodium,0,0,0,0,0,0,0
remifentanil hydrochloride,0,0,0,0,0,0,0
doxapram hydrochloride,0,0,0,0,0,0,0
acetylcholine chloride,0,0,0,0,0,0,0
deferiprone,0,0,0,0,0,0,0
sodium tetradecyl sulfate,0,0,0,0,0,0,0
raloxifene,0,0,0,0,0,0,0
ibuprofen lysine,0,0,0,0,0,0,0
crisaborole,0,0,0,0,0,0,0
procainamide hci,0,0,0,0,1,0,0
acetaminophen,0,0,0,0,0,0,1
drospirenone,0,0,0,0,0,0,0
eslicarbazepine acetate,0,0,0,0,0,0,1
vorapaxar,0,0,0,0,0,0,0
adrenalin (epinephrine),0,0,0,0,1,0,0
triptorelin pamoate,0,0,0,0,0,0,0
fosfomycin tromethamine,0,0,0,0,0,0,0
amphetamine sulfate,0,0,0,0,0,0,0
levorphanol tartrate,0,0,0,0,0,0,0
solifenacin succiate,0,0,0,0,0,0,0
ulipristal acetate,0,0,0,0,0,0,0
sapropterin dihydrochloride,0,0,0,0,0,0,0
opicapone,0,0,0,0,0,0,1
fulvestrant,0,0,0,0,0,0,0
lomustine,0,0,0,0,0,0,0
tirofiban,0,0,0,0,0,0,0
apremilast,0,0,0,0,0,0,0
metyrosine,0,0,0,0,0,0,0
aztreonam,0,0,0,0,0,0,0
selegiline,0,0,0,0,0,0,1
amiodarone hci,0,0,0,0,1,0,0
quazepam,0,0,0,0,0,0,1
caspofungin acetate,0,0,0,0,0,0,0
propantheline bromide,0,0,0,0,0,0,0
ticagrelor,0,0,0,0,0,0,0
micafungin sodium,0,0,0,0,0,0,0
physostigmine salicylate,0,0,0,0,0,0,0
desflurane,0,0,0,0,0,0,1
posaconazole,0,0,0,0,0,0,0
docetaxel anhydrous,0,0,0,0,0,0,0
methylergonovine,0,0,0,0,0,0,0
pralatrexate,0,0,0,0,0,0,0
metformin er  500 mg,0,0,0,0,0,0,0
dimethyl sulfoxide,0,0,0,0,0,0,0
ciprofloxacin tablets,0,0,0,0,0,0,0
dopamine hydrochloride,0,0,0,0,0,0,0
goserelin acetate,0,0,0,0,0,0,0
promethazine hci,0,0,0,0,0,0,0
halobetasol propionate,0,0,0,0,0,0,0
diclofenac sodium topical gel- 1%-,0,0,0,0,0,0,0
sevelamer hydrochloride,0,0,0,0,0,0,0
nalbuphine hci,0,0,0,0,0,0,1
cangrelor,0,0,0,0,0,0,0
chlorothiazide,0,0,0,0,0,0,0
vincristine sulfate,0,0,0,0,0,0,0
cisatracurium besylate,0,0,0,0,0,0,0
methohexital sodium,0,0,0,0,0,0,0
enfuvirtide,0,0,0,0,0,0,0
dolutegravir sodium,0,0,0,0,0,0,0
istradefylline,0,0,0,0,0,0,1
acetaminophen- caffeine- dihydrocodeine bitartrate,0,0,0,0,0,0,1
octreotide,0,0,0,0,0,0,0
darifenacin hydrobromide,0,0,0,0,0,0,0
ethotoin,0,0,0,0,0,0,1
naratriptan hydrochloride,0,0,0,0,0,0,0
ertapenem,0,0,0,0,0,0,0
butorphanol tartrate,0,0,0,0,0,0,0
nalbuphine hydrochloride,0,0,0,0,0,0,0
midodrine  hydrochloride,0,0,0,0,1,0,0
teriflunomide,0,0,0,0,0,0,0
naratriptan,0,0,0,0,0,0,1
permethrin cream 5% w/w,0,0,0,0,0,0,0
isoflurane,0,0,0,0,0,0,1
flecainide acetate tablet,0,0,0,0,1,0,0
angiotensin ii,0,0,0,0,1,0,0
peramivir,0,0,0,0,0,0,0
acetohydroxamic acid,0,0,0,0,0,0,0
prasterone,0,0,0,0,0,0,0
succinylcholine,0,0,0,0,0,0,0
abiraterone,0,0,0,0,0,0,0
esomeprazole sodium,0,0,0,0,0,0,0
galantamine,0,0,0,0,0,0,1
brompheniramine maleate- pseudoephedrine hydrochloride-,0,0,0,0,0,0,0
sotalol hydrochloride tables af,0,0,0,0,1,0,0
butorphanol tartrate ,0,0,0,0,0,0,1
benztropine,0,0,0,0,0,0,1
tegaserod,0,0,0,0,0,0,0
acitretin,0,0,0,0,0,0,0
elagolix,0,0,0,0,0,0,0
miglustat,0,0,0,0,0,0,0
phenylephrine hci,0,0,0,0,1,0,0
micafungin,0,0,0,0,0,0,0
nilutamide,0,0,0,0,0,0,0
ethionamide,0,0,0,0,0,0,0
bupropion,0,0,0,0,0,0,1
trabectedin,0,0,0,0,0,0,0
iron sucrose,0,0,0,0,0,0,0
pralidoxime chloride,0,0,0,0,0,0,0
risedronate sodium hemi-pentahydrate,0,0,0,0,0,0,0
lonafarnib,0,0,0,0,0,0,0
apixaban,0,0,0,0,0,0,0
phenazopyridine hcl 100mg,0,0,0,0,0,0,0
chloroprocaine hci,0,0,0,0,0,0,1
atomoxetine,0,0,0,0,0,0,1
piperacillin sodium- tazobactam sodium,0,0,0,0,0,0,0
purixan,0,0,0,0,0,0,0
diltiazem hydrochloride extended-release tablets,0,0,0,0,1,0,0
penicillin g sodium,0,0,0,0,0,0,0
diphenhydramine hci,0,0,0,0,0,0,0
tivozanib,0,0,0,0,0,0,0
vilazodone hydrochloride,0,0,0,0,0,0,1
esketamine hydrochloride,0,0,0,0,0,0,1
anidulafungin,0,0,0,0,0,0,0
desmopressin acetate ,0,0,0,0,0,0,0
hydrocortisone probutate,0,0,0,0,0,0,0
deoxycholic acid,0,0,0,0,0,0,0
cabazitaxel,0,0,0,0,0,0,0
methamphetamine hydrochloride,0,0,0,0,0,0,0
cysteamine hydrochloride,0,0,0,0,0,0,0
epoprostenol,0,0,0,0,0,0,0
meclofenamate sodium,0,0,0,0,0,0,0
pyrimethamine,0,0,0,0,0,0,0
amisulpride,0,0,0,0,0,0,1
epoprostenol sodium,0,0,0,0,0,0,0
sevoflurane,0,0,0,0,0,0,1
axitinib,0,0,0,0,0,0,0
dichlorphenamide,0,0,0,0,0,0,0
bismuth subcitrate potassium- metronidazole- tetracycline hydrochloride,0,0,0,0,0,0,0
pemetrexed,0,0,0,0,0,0,0
calcifediol,0,0,0,0,0,0,0
pilocarpine hydrchloride,0,0,0,0,0,0,1
mefenamic acid,0,0,0,0,0,0,0
dapagliflozin,0,0,0,0,0,0,0
dapiprazole,0,0,0,0,0,0,0
fosphenytoin,0,0,0,0,0,0,1
hydrocortisone sodium succinate,0,0,0,0,0,0,0
rydapt,0,0,0,0,0,0,0
diazoxide,0,0,0,0,0,0,0
ganirelix acetate,0,0,0,0,0,0,0
valrubicin,0,0,0,0,0,0,0
methylphenidate,0,0,0,0,0,0,1
perampanel,0,0,0,0,0,0,1
glycopyrronium,0,0,0,0,0,0,0
polidocanol,0,0,0,0,0,0,0
nelarabine,0,0,0,0,0,0,0
ceftaroline fosamil,0,0,0,0,0,0,0
isocarboxazid,0,0,0,0,0,0,1
histamine,0,0,0,0,0,0,0
cidofovir anhydrous,0,0,0,0,0,0,0
testosterone enanthate,0,0,0,0,0,0,0
sunitinib malate,0,0,0,0,0,0,0
potassium iodide,0,0,0,0,0,0,0
vinorelbine,0,0,0,0,0,0,0
difluprednate,0,0,0,0,0,0,0
bendamustine hydrochloride,0,0,0,0,0,0,0
mitoxantrone,0,0,0,0,0,0,0
omacetaxine mepesuccinate,0,0,0,0,0,0,0
carboprost tromethamine,0,0,0,0,0,0,0
amiloride hydrocloride,0,0,0,0,0,0,0
aclidinium bromide,0,0,0,0,0,0,0
teriparatide,0,0,0,0,0,0,0
nintedanib,0,0,0,0,0,0,0
methadone,0,0,0,0,0,0,1
sorafenib,0,0,0,0,0,0,0
methylnaltrexone bromide,0,0,0,0,0,0,0
nifurtimox,0,0,0,0,0,0,0
brinzolamide,0,0,0,0,0,0,0
miltefosine,0,0,0,0,0,0,0
penicillin g procaine,0,0,0,0,0,0,0
amlodipine,0,0,0,0,1,0,0
amobarbital sodium,0,0,0,0,0,0,1
vemurafenib,0,0,0,0,0,0,0
tiagabine,0,0,0,0,0,0,1
panobinostat,0,0,0,0,0,0,0
methylene blue,0,0,0,0,0,0,0
echothiophate iodide for ophthalmic solution,0,0,0,0,0,0,0
miconazole,0,0,0,0,0,0,0
tolvaptan,0,0,0,0,0,0,0
ivabradine,0,0,0,0,1,0,0
chlorpromazine,0,0,0,0,0,0,1
brivaracetam,0,0,0,0,0,0,1
dyclonine hydrochloride,0,0,0,0,0,0,0
prucalopride,0,0,0,0,0,0,0
belinostat,0,0,0,0,0,0,0
procarbazine hydrochloride,0,0,0,0,0,0,0
nitric oxide,0,0,0,0,0,0,0
clomipramine hydrochloride capsules,0,0,0,0,0,0,1
deflazacort,0,0,0,0,0,0,0
romidepsin,0,0,0,0,0,0,0
etoposide phosphate,0,0,0,0,0,0,0
imatinib,0,0,0,0,0,0,0
flibanserin,0,0,0,0,0,0,0
metoprolol succinate er tablets,0,0,0,0,1,0,0
lidocaine- kenalog- povidone iodine,0,0,0,0,0,0,0
butoconazole nitrate,0,0,0,0,0,0,0
pentostatin,0,0,0,0,0,0,0
glycerol phenylbutyrate,0,0,0,0,0,0,0
penicillin g,0,0,0,0,0,0,0
cetrorelix acetate,0,0,0,0,0,0,0
mifepristone,0,0,0,0,0,0,0
leucine- phenylalanine- lysine hydrochloride- methionine- isoleucine- valine- histidine- threonine- tryptophan- alanine- glycine- arginine- proline- tyrosine- serine,0,0,0,0,0,0,0
rifapentine,0,0,0,0,0,0,0
cholic acid,0,0,0,0,0,1,0
olodaterol respimat inhalation spray,0,0,0,0,0,0,0
etonogestrel,0,0,0,0,0,0,0
lanreotide acetate,0,0,0,0,0,0,0
rifamycin,0,0,0,0,0,0,0
apraclonidine hydrochloride,0,0,0,0,0,0,0
ephedrine hydrochloride,0,0,0,0,1,0,0
triamterene capsules,0,0,0,0,0,0,0
vismodegib,0,0,0,0,0,0,0
benznidazole,0,0,0,0,0,0,0
amifostine,0,0,0,0,0,0,0
oxymetazoline hydrochloride ophthalmic,0,0,0,0,0,0,0
isentress,0,0,0,0,0,0,0
fenoldopam mesylate,0,0,0,0,0,0,0
edoxaban tosylate,0,0,0,0,0,0,0
orlistat,0,0,0,0,0,0,0
plerixafor,0,0,0,0,0,0,0
afatinib,0,0,0,0,0,0,0
brompheniramine- pseudoephedrine- dextromethorphan,0,0,0,0,0,0,1
monomethyl fumarate,0,0,0,0,0,0,0
letermovir,0,0,0,0,0,0,0
nafarelin acetate,0,0,0,0,0,0,0
bortezomib,0,0,0,0,0,0,0
dabigatran etexilate,0,0,0,0,0,0,0
apomorphine hydrochloride,0,0,0,0,0,0,0
tafenoquine succinate,0,0,0,0,0,0,0
chlorambucil,0,0,0,0,0,0,0
levodopa,0,0,0,0,0,0,1
isavuconazonium sulfate,0,0,0,0,0,0,0
crizotinib,0,0,0,0,0,0,0
brincidofovir,0,0,0,0,0,0,0
paroxetine mesylate,0,0,0,0,0,0,0
mechlorethamine hydrochloride,0,0,0,0,0,0,0
selexipag,0,0,0,0,0,0,0
viloxazine hydrochloride,0,0,0,0,0,0,1
brexanolone,0,0,0,0,0,0,0
lofexidine hydrochloride,0,0,0,0,0,0,1
maralixibat chloride,0,0,0,0,0,0,0
pomalidomide,0,0,0,0,0,0,0
minocycline,0,0,0,0,0,0,0
thioguanine,0,0,0,0,0,0,0
allopurinol sodium,0,0,0,0,0,0,0
amikacin,0,0,0,0,0,0,0
atorvastatin calcium- film coated,0,0,0,0,0,0,0
demeclocycline,0,0,0,0,0,0,0
eltrombopag olamine,0,0,0,0,0,0,0
sodium oxybate,0,0,0,0,0,0,1
lapatinib,0,0,0,0,0,0,0
ergotamine tartrate- caffeine,0,0,0,0,0,0,1
azelastine hydrochloride- fluticasone propionate,0,0,0,0,0,0,0
umeclidinium,0,0,0,0,0,0,0
carfilzomib,0,0,0,0,0,0,0
vandetanib,0,0,0,0,0,0,0
kit for the preparation of technetium tc 99m pentetate,0,0,0,0,0,0,0
alvimopan,0,0,0,0,0,0,0
pazopanib hydrochloride,0,0,0,0,0,0,0
lenvatinib,0,0,0,0,0,0,0
obeticholic acid,0,0,0,0,0,1,0
rucaparib,0,0,0,0,0,0,0
degarelix,0,0,0,0,0,0,0
vorinostat,0,0,0,0,0,0,0
streptomycin,0,0,0,0,0,0,0
rocuronium,0,0,0,0,0,0,0
olopatadine hydrochloride nasal,0,0,0,0,0,0,0
lenalidomide,0,0,0,0,0,0,0
safinamide mesylate,0,0,0,0,0,0,0
enalapril,0,0,0,0,0,0,0
fostemsavir tromethamine,0,0,0,0,0,0,0
fenfluramine,0,0,0,0,0,0,1
triptorelin,0,0,0,0,0,0,0
fedratinib hydrochloride,0,0,0,0,0,0,0
levomilnacipran hydrochloride,0,0,0,0,0,0,0
tedizolid phosphate,0,0,0,0,0,0,0
edaravone,0,0,0,0,0,0,1
iloprost,0,0,0,0,0,0,0
cysteamine bitartrate,0,0,0,0,0,0,0
nilotinib,0,0,0,0,0,0,0
secnidazole,0,0,0,0,0,0,0
rotigotine,0,0,0,0,0,0,1
melphalan flufenamide,0,0,0,0,0,0,0
bupropion hydrobromide,0,0,0,0,0,0,0
enzalutamide,0,0,0,0,0,0,0
travoprost ophthalmic solution- 0.004%,0,0,0,0,0,0,0
cannabidiol,0,0,0,0,0,0,1
triclabendazole,0,0,0,0,0,0,0
cocaine hydrochloride nasal,0,0,0,0,0,0,1
tipranavir,0,0,0,0,0,0,0
rilpivirine hydrochloride,0,0,0,0,0,0,0
alosetron,0,0,0,0,0,0,0
anagrelide,0,0,0,0,0,0,0
thalidomide,0,0,0,0,0,0,0
tecovirimat monohydrate,0,0,0,0,0,0,0
ponesimod,0,0,0,0,0,0,0
olaparib,0,0,0,0,0,0,0
ixabepilone,0,0,0,0,0,0,0
rizatriptan,0,0,0,0,0,0,1
histrelin acetate,0,0,0,0,0,0,0
quinine,0,0,0,0,0,0,0
lomitapide mesylate,0,0,0,0,0,0,0
ritonavir 100 mg,0,0,0,0,0,0,0
fidaxomicin,0,0,0,0,0,0,0
lodoxamide tromethamine,0,0,0,0,0,0,0
ponatinib hydrochloride,0,0,0,0,0,0,0
leuprolide,0,0,0,0,0,0,0
dantrolene,0,0,0,0,0,0,0
olsalazine sodium,0,0,0,0,0,0,0
clindamycin phosphate usp- 1%,0,0,0,0,0,0,0
suvorexant,0,0,0,0,0,0,1
niraparib,0,0,0,0,0,0,0
methylprednisolone acetate- lidocaine hydrochloride- povidine iodine- isopropyl alcohol,0,0,0,0,1,0,1
timolol maleate ophthalmic gel forming solution,0,0,0,0,1,0,0
dimethyl fumarate kit,0,0,0,0,0,0,0
methacholine chloride,0,0,0,0,0,0,0
neratinib,0,0,0,0,0,0,0
tirbanibulin,0,0,0,0,0,0,0
naproxen oral,0,0,0,0,0,0,0
fingolimod hcl,0,0,0,0,0,0,0
pyrazinamide tablet,0,0,0,0,0,0,0
abacavir sulfate- dolutegravir sodium- lamivudine,0,0,0,0,0,0,0
chembl411,1,0,0,0,0,0,0
chembl437,1,0,0,0,0,0,0
chembl268869,1,0,0,0,0,0,0
chembl464,1,0,0,0,0,0,0
chembl412873,1,0,0,0,1,0,0
chembl16073,1,0,0,0,0,0,1
chembl15677,1,0,0,0,0,0,0
chembl276520,1,0,0,0,0,0,0
chembl15870,1,0,0,0,0,0,0
chembl16080,1,0,0,0,0,0,0
chembl16476,1,0,0,0,0,0,0
chembl19490,1,0,0,0,0,0,0
chembl21869,1,0,0,0,0,0,0
chembl24944,1,0,0,0,0,0,0
chembl22242,1,0,0,0,0,0,1
chembl752,1,0,0,0,0,0,0
chembl772,1,0,0,0,0,0,0
chembl290106,1,0,0,0,0,0,0
chembl32800,1,0,0,0,0,0,0
chembl39736,1,0,0,0,0,0,0
chembl288470,1,0,0,0,0,0,1
chembl44618,1,0,0,0,0,0,1
chembl869,1,0,0,0,0,0,0
chembl53292,1,0,0,0,0,0,0
chembl53418,1,0,0,0,0,0,0
chembl54976,1,0,0,0,0,0,1
chembl291338,1,0,0,0,0,0,0
chembl956,1,0,0,0,0,0,0
chembl62193,1,0,0,0,0,0,0
chembl70046,1,0,0,0,0,0,0
chembl73234,1,0,0,0,0,0,0
chembl311498,1,0,0,0,0,0,0
chembl94081,1,0,0,0,0,0,0
chembl316561,1,0,0,0,0,0,0
chembl110691,1,0,0,0,0,0,0
chembl1228,1,0,0,0,0,0,0
chembl146095,1,0,0,0,0,0,1
chembl345524,1,0,0,0,0,0,0
chembl1291,1,0,0,0,0,0,0
chembl170988,1,0,0,0,0,0,0
chembl187709,1,0,0,0,0,0,0
chembl395110,1,0,0,0,0,0,0
chembl1477,1,0,0,0,0,0,0
chembl462547,1,0,0,0,0,0,0
chembl461522,1,0,0,0,0,0,0
chembl522038,1,0,0,0,0,0,0
chembl1165342,1,0,0,0,0,0,0
chembl1200359,1,0,0,0,0,0,0
chembl1200549,1,0,0,0,0,0,0
chembl1200563,1,0,0,0,0,0,0
chembl1200731,1,0,0,0,0,0,0
chembl1200947,1,0,0,0,0,0,0
chembl1201071,1,0,0,0,0,0,0
chembl1201201,1,0,0,0,0,0,1
chembl1201352,1,0,0,0,0,0,0
chembl1255739,1,0,0,0,0,0,0
chembl1256696,1,0,0,0,0,0,0
chembl1411979,1,0,0,0,0,0,0
chembl1447476,1,0,0,0,0,0,0
chembl1452696,1,0,0,0,0,0,0
chembl1463345,1,0,0,0,0,0,0
chembl1528839,1,0,0,0,0,0,0
chembl1551365,1,0,0,0,0,0,0
chembl1697856,1,0,0,0,0,0,1
chembl1712842,1,0,0,0,0,0,0
chembl1801800,1,0,0,0,0,0,0
chembl1874750,1,0,0,0,0,0,0
chembl1908307,1,0,0,0,1,0,0
chembl1909072,1,0,0,0,0,0,0
chembl2104489,1,0,0,0,0,0,0
chembl2104537,1,0,0,0,0,0,0
chembl2105233,1,0,0,0,0,0,1
chembl2105345,1,0,0,0,0,0,1
chembl2105458,1,0,0,0,0,0,0
chembl2105527,1,0,0,0,0,0,0
chembl2106915,1,0,0,0,0,0,0
chembl2107253,1,0,0,0,0,0,0
chembl2303617,1,0,0,0,0,0,0
chembl2311071,1,0,0,0,0,0,0
chembl3187246,1,0,0,0,0,0,0
chembl3301670,1,0,0,0,0,0,0
chembl3304486,1,0,0,0,0,0,0
chembl3989403,1,0,0,0,0,0,0
chembl3989556,1,0,0,0,0,0,0
chembl3989676,1,0,0,0,0,0,0
chembl3989803,1,0,0,0,0,0,1
chembl4297088,1,0,0,0,0,0,0